Card ID,ID Photo URL/File Name,Full Name,First Name,Last Name,City Name,Date 123,Barcode Value,ID Number,Roll Number?,DOB?,Expiration Date,Recipient Email Address
HSGG11,Demo1.jpg,asda11,dawsd11,dsad11,Mumbai,12/23/1992,MSJJSJSJJSJSJSJSJSJSPDPORKFKFJKFJJF,23424,34234,12/23/2020,12/23/2025,asda@yopmail.com
HSGG12,Demo2.jpg,asda12,dawsd12,dsad12,Mumbai,12/23/1992,MSJJSJSJJSJSJSJSJSJSPDPORKFKFJKFJJF,23425,34235,12/23/2020,12/23/2025,asda@yopmail.com
HSGG13,Demo3.jpg,asda13,dawsd13,dsad13,Mumbai,12/23/1992,dfs2133,23426,34236,12/23/2020,12/23/2025,asda@yopmail.com
HSGG14,Demo4.jpg,asda14,dawsd14,dsad14,Mumbai,12/23/1992,dfs2134,23427,34237,12/23/2020,12/23/2025,asda@yopmail.com
HSGG15,Demo5.jpg,asda15,dawsd15,dsad15,Mumbai,12/23/1992,dfs2135,23428,34238,12/23/2020,12/23/2025,asda@yopmail.com
HSGG16,Demo6.jpg,asda16,dawsd16,dsad16,Mumbai,12/23/1992,dfs2136,23429,34239,12/23/2020,12/23/2025,asda@yopmail.com
HSGG17,Demo7.jpg,asda17,dawsd17,dsad17,Mumbai,12/23/1992,dfs2137,23430,34240,12/23/2020,12/23/2025,asda@yopmail.com
HSGG18,Demo8.jpg,asda18,dawsd18,dsad18,Mumbai,12/23/1992,dfs2138,23431,34241,12/23/2020,12/23/2025,asda@yopmail.com
HSGG19,Demo9.jpg,asda19,dawsd19,dsad19,Mumbai,12/23/1992,dfs2139,23432,34242,12/23/2020,12/23/2025,asda@yopmail.com
HSGG20,Demo10.jpg,asda20,dawsd20,dsad20,Mumbai,12/23/1992,dfs2140,23433,34243,12/23/2020,12/23/2025,asda@yopmail.com
HSGG21,Demo11.jpg,asda21,dawsd21,dsad21,Mumbai,12/23/1992,dfs2141,23434,34244,12/23/2020,12/23/2025,asda@yopmail.com
HSGG22,Demo12.jpg,asda22,dawsd22,dsad22,Mumbai,12/23/1992,dfs2142,23435,34245,12/23/2020,12/23/2025,asda@yopmail.com
HSGG23,Demo13.jpg,asda23,dawsd23,dsad23,Mumbai,12/23/1992,dfs2143,23436,34246,12/23/2020,12/23/2025,asda@yopmail.com
HSGG24,Demo14.jpg,asda24,dawsd24,dsad24,Mumbai,12/23/1992,dfs2144,23437,34247,12/23/2020,12/23/2025,asda@yopmail.com
HSGG25,Demo15.jpg,asda25,dawsd25,dsad25,Mumbai,12/23/1992,dfs2145,23438,34248,12/23/2020,12/23/2025,asda@yopmail.com
HSGG26,Demo16.jpg,asda26,dawsd26,dsad26,Mumbai,12/23/1992,dfs2146,23439,34249,12/23/2020,12/23/2025,asda@yopmail.com
HSGG27,Demo17.jpg,asda27,dawsd27,dsad27,Mumbai,12/23/1992,dfs2147,23440,34250,12/23/2020,12/23/2025,asda@yopmail.com
HSGG28,Demo18.jpg,asda28,dawsd28,dsad28,Mumbai,12/23/1992,dfs2148,23441,34251,12/23/2020,12/23/2025,asda@yopmail.com
HSGG29,Demo19.jpg,asda29,dawsd29,dsad29,Mumbai,12/23/1992,dfs2149,23442,34252,12/23/2020,12/23/2025,asda@yopmail.com
HSGG30,Demo20.jpg,asda30,dawsd30,dsad30,Mumbai,12/23/1992,dfs2150,23443,34253,12/23/2020,12/23/2025,asda@yopmail.com
HSGG31,Demo21.jpg,asda31,dawsd31,dsad31,Mumbai,12/23/1992,dfs2151,23444,34254,12/23/2020,12/23/2025,asda@yopmail.com
HSGG32,Demo22.jpg,asda32,dawsd32,dsad32,Mumbai,12/23/1992,dfs2152,23445,34255,12/23/2020,12/23/2025,asda@yopmail.com
HSGG33,Demo23.jpg,asda33,dawsd33,dsad33,Mumbai,12/23/1992,dfs2153,23446,34256,12/23/2020,12/23/2025,asda@yopmail.com
HSGG34,Demo24.jpg,asda34,dawsd34,dsad34,Mumbai,12/23/1992,dfs2154,23447,34257,12/23/2020,12/23/2025,asda@yopmail.com
HSGG35,Demo25.jpg,asda35,dawsd35,dsad35,Mumbai,12/23/1992,dfs2155,23448,34258,12/23/2020,12/23/2025,asda@yopmail.com
HSGG36,Demo26.jpg,asda36,dawsd36,dsad36,Mumbai,12/23/1992,dfs2156,23449,34259,12/23/2020,12/23/2025,asda@yopmail.com
HSGG37,Demo27.jpg,asda37,dawsd37,dsad37,Mumbai,12/23/1992,dfs2157,23450,34260,12/23/2020,12/23/2025,asda@yopmail.com
HSGG38,Demo28.jpg,asda38,dawsd38,dsad38,Mumbai,12/23/1992,dfs2158,23451,34261,12/23/2020,12/23/2025,asda@yopmail.com
HSGG39,Demo29.jpg,asda39,dawsd39,dsad39,Mumbai,12/23/1992,dfs2159,23452,34262,12/23/2020,12/23/2025,asda@yopmail.com
HSGG40,Demo30.jpg,asda40,dawsd40,dsad40,Mumbai,12/23/1992,dfs2160,23453,34263,12/23/2020,12/23/2025,asda@yopmail.com
HSGG41,Image1.jpg,asda41,dawsd41,dsad41,Mumbai,12/23/1992,dfs2161,23454,34264,12/23/2020,12/23/2025,asda@yopmail.com
HSGG42,Image2.jpg,asda42,dawsd42,dsad42,Mumbai,12/23/1992,dfs2162,23455,34265,12/23/2020,12/23/2025,asda@yopmail.com
HSGG43,Image3.jpg,asda43,dawsd43,dsad43,Mumbai,12/23/1992,dfs2163,23456,34266,12/23/2020,12/23/2025,asda@yopmail.com
HSGG44,Image4.jpg,asda44,dawsd44,dsad44,Mumbai,12/23/1992,dfs2164,23457,34267,12/23/2020,12/23/2025,asda@yopmail.com
HSGG45,Image5.jpg,asda45,dawsd45,dsad45,Mumbai,12/23/1992,dfs2165,23458,34268,12/23/2020,12/23/2025,asda@yopmail.com
HSGG46,Image6.jpg,asda46,dawsd46,dsad46,Mumbai,12/23/1992,dfs2166,23459,34269,12/23/2020,12/23/2025,asda@yopmail.com
HSGG47,Image7.jpg,asda47,dawsd47,dsad47,Mumbai,12/23/1992,dfs2167,23460,34270,12/23/2020,12/23/2025,asda@yopmail.com
HSGG48,Image8.jpg,asda48,dawsd48,dsad48,Mumbai,12/23/1992,dfs2168,23461,34271,12/23/2020,12/23/2025,asda@yopmail.com
HSGG49,Image9.jpg,asda49,dawsd49,dsad49,Mumbai,12/23/1992,dfs2169,23462,34272,12/23/2020,12/23/2025,asda@yopmail.com
HSGG50,Image10.jpg,asda50,dawsd50,dsad50,Mumbai,12/23/1992,dfs2170,23463,34273,12/23/2020,12/23/2025,asda@yopmail.com
HSGG51,Image11.jpg,asda51,dawsd51,dsad51,Mumbai,12/23/1992,dfs2171,23464,34274,12/23/2020,12/23/2025,asda@yopmail.com
HSGG52,Image12.jpg,asda52,dawsd52,dsad52,Mumbai,12/23/1992,dfs2172,23465,34275,12/23/2020,12/23/2025,asda@yopmail.com
HSGG53,Image13.jpg,asda53,dawsd53,dsad53,Mumbai,12/23/1992,dfs2173,23466,34276,12/23/2020,12/23/2025,asda@yopmail.com
HSGG54,Image14.jpg,asda54,dawsd54,dsad54,Mumbai,12/23/1992,dfs2174,23467,34277,12/23/2020,12/23/2025,asda@yopmail.com
HSGG55,Image15.jpg,asda55,dawsd55,dsad55,Mumbai,12/23/1992,dfs2175,23468,34278,12/23/2020,12/23/2025,asda@yopmail.com
HSGG56,Image16.jpg,asda56,dawsd56,dsad56,Mumbai,12/23/1992,dfs2176,23469,34279,12/23/2020,12/23/2025,asda@yopmail.com
HSGG57,Image17.jpg,asda57,dawsd57,dsad57,Mumbai,12/23/1992,dfs2177,23470,34280,12/23/2020,12/23/2025,asda@yopmail.com
HSGG58,Image18.jpg,asda58,dawsd58,dsad58,Mumbai,12/23/1992,dfs2178,23471,34281,12/23/2020,12/23/2025,asda@yopmail.com
HSGG59,Image19.jpg,asda59,dawsd59,dsad59,Mumbai,12/23/1992,dfs2179,23472,34282,12/23/2020,12/23/2025,asda@yopmail.com
HSGG60,Image20.jpg,asda60,dawsd60,dsad60,Mumbai,12/23/1992,dfs2180,23473,34283,12/23/2020,12/23/2025,asda@yopmail.com
HSGG61,Image21.jpg,asda61,dawsd61,dsad61,Mumbai,12/23/1992,dfs2181,23474,34284,12/23/2020,12/23/2025,asda@yopmail.com
HSGG62,Image22.jpg,asda62,dawsd62,dsad62,Mumbai,12/23/1992,dfs2182,23475,34285,12/23/2020,12/23/2025,asda@yopmail.com
HSGG63,Image23.jpg,asda63,dawsd63,dsad63,Mumbai,12/23/1992,dfs2183,23476,34286,12/23/2020,12/23/2025,asda@yopmail.com
HSGG64,Image24.jpg,asda64,dawsd64,dsad64,Mumbai,12/23/1992,dfs2184,23477,34287,12/23/2020,12/23/2025,asda@yopmail.com
HSGG65,Image25.jpg,asda65,dawsd65,dsad65,Mumbai,12/23/1992,dfs2185,23478,34288,12/23/2020,12/23/2025,asda@yopmail.com
HSGG66,Image26.jpg,asda66,dawsd66,dsad66,Mumbai,12/23/1992,dfs2186,23479,34289,12/23/2020,12/23/2025,asda@yopmail.com
HSGG67,Image27.jpg,asda67,dawsd67,dsad67,Mumbai,12/23/1992,dfs2187,23480,34290,12/23/2020,12/23/2025,asda@yopmail.com
HSGG68,Image28.jpg,asda68,dawsd68,dsad68,Mumbai,12/23/1992,dfs2188,23481,34291,12/23/2020,12/23/2025,asda@yopmail.com
HSGG69,Image29.jpg,asda69,dawsd69,dsad69,Mumbai,12/23/1992,dfs2189,23482,34292,12/23/2020,12/23/2025,asda@yopmail.com
HSGG70,Image30.jpg,asda70,dawsd70,dsad70,Mumbai,12/23/1992,dfs2190,23483,34293,12/23/2020,12/23/2025,asda@yopmail.com
HSGG71,Photo1.jpg,asda71,dawsd71,dsad71,Mumbai,12/23/1992,dfs2191,23484,34294,12/23/2020,12/23/2025,asda@yopmail.com
HSGG72,Photo20.jpg,asda72,dawsd72,dsad72,Mumbai,12/23/1992,dfs2192,23485,34295,12/23/2020,12/23/2025,asda@yopmail.com
HSGG73,Photo3.jpg,asda73,dawsd73,dsad73,Mumbai,12/23/1992,dfs2193,23486,34296,12/23/2020,12/23/2025,asda@yopmail.com
HSGG74,Photo4.jpg,asda74,dawsd74,dsad74,Mumbai,12/23/1992,dfs2194,23487,34297,12/23/2020,12/23/2025,asda@yopmail.com
HSGG75,Photo5.jpg,asda75,dawsd75,dsad75,Mumbai,12/23/1992,dfs2195,23488,34298,12/23/2020,12/23/2025,asda@yopmail.com
HSGG76,Photo6.jpg,asda76,dawsd76,dsad76,Mumbai,12/23/1992,dfs2196,23489,34299,12/23/2020,12/23/2025,asda@yopmail.com
HSGG77,Photo7.jpg,asda77,dawsd77,dsad77,Mumbai,12/23/1992,dfs2197,23490,34300,12/23/2020,12/23/2025,asda@yopmail.com
HSGG78,Photo8.jpg,asda78,dawsd78,dsad78,Mumbai,12/23/1992,dfs2198,23491,34301,12/23/2020,12/23/2025,asda@yopmail.com
HSGG79,Photo9.jpg,asda79,dawsd79,dsad79,Mumbai,12/23/1992,dfs2199,23492,34302,12/23/2020,12/23/2025,asda@yopmail.com
HSGG80,Photo10.jpg,asda80,dawsd80,dsad80,Mumbai,12/23/1992,dfs2200,23493,34303,12/23/2020,12/23/2025,asda@yopmail.com
HSGG81,Photo11.jpg,asda81,dawsd81,dsad81,Mumbai,12/23/1992,dfs2201,23494,34304,12/23/2020,12/23/2025,asda@yopmail.com
HSGG82,Photo12.jpg,asda82,dawsd82,dsad82,Mumbai,12/23/1992,dfs2202,23495,34305,12/23/2020,12/23/2025,asda@yopmail.com
HSGG83,Photo13.jpg,asda83,dawsd83,dsad83,Mumbai,12/23/1992,dfs2203,23496,34306,12/23/2020,12/23/2025,asda@yopmail.com
HSGG84,Photo14.jpg,asda84,dawsd84,dsad84,Mumbai,12/23/1992,dfs2204,23497,34307,12/23/2020,12/23/2025,asda@yopmail.com
HSGG85,Photo15.jpg,asda85,dawsd85,dsad85,Mumbai,12/23/1992,dfs2205,23498,34308,12/23/2020,12/23/2025,asda@yopmail.com
HSGG86,Photo16.jpg,asda86,dawsd86,dsad86,Mumbai,12/23/1992,dfs2206,23499,34309,12/23/2020,12/23/2025,asda@yopmail.com
HSGG87,Photo17.jpg,asda87,dawsd87,dsad87,Mumbai,12/23/1992,dfs2207,23500,34310,12/23/2020,12/23/2025,asda@yopmail.com
HSGG88,Photo18.jpg,asda88,dawsd88,dsad88,Mumbai,12/23/1992,dfs2208,23501,34311,12/23/2020,12/23/2025,asda@yopmail.com
HSGG89,Photo19.jpg,asda89,dawsd89,dsad89,Mumbai,12/23/1992,dfs2209,23502,34312,12/23/2020,12/23/2025,asda@yopmail.com
HSGG90,Photo20.jpg,asda90,dawsd90,dsad90,Mumbai,12/23/1992,dfs2210,23503,34313,12/23/2020,12/23/2025,asda@yopmail.com
HSGG91,Photo21.jpg,asda91,dawsd91,dsad91,Mumbai,12/23/1992,dfs2211,23504,34314,12/23/2020,12/23/2025,asda@yopmail.com
HSGG92,Photo22.jpg,asda92,dawsd92,dsad92,Mumbai,12/23/1992,dfs2212,23505,34315,12/23/2020,12/23/2025,asda@yopmail.com
HSGG93,Photo23.jpg,asda93,dawsd93,dsad93,Mumbai,12/23/1992,dfs2213,23506,34316,12/23/2020,12/23/2025,asda@yopmail.com
HSGG94,Photo24.jpg,asda94,dawsd94,dsad94,Mumbai,12/23/1992,dfs2214,23507,34317,12/23/2020,12/23/2025,asda@yopmail.com
HSGG95,Photo25.jpg,asda95,dawsd95,dsad95,Mumbai,12/23/1992,dfs2215,23508,34318,12/23/2020,12/23/2025,asda@yopmail.com
HSGG96,Photo26.jpg,asda96,dawsd96,dsad96,Mumbai,12/23/1992,dfs2216,23509,34319,12/23/2020,12/23/2025,asda@yopmail.com
HSGG97,Photo27.jpg,asda97,dawsd97,dsad97,Mumbai,12/23/1992,dfs2217,23510,34320,12/23/2020,12/23/2025,asda@yopmail.com
HSGG98,Photo28.jpg,asda98,dawsd98,dsad98,Mumbai,12/23/1992,dfs2218,23511,34321,12/23/2020,12/23/2025,asda@yopmail.com
HSGG99,Photo29.jpg,asda99,dawsd99,dsad99,Mumbai,12/23/1992,dfs2219,23512,34322,12/23/2020,12/23/2025,asda@yopmail.com
HSGG100,Photo30.jpg,asda100,dawsd100,dsad100,Mumbai,12/23/1992,dfs2220,23513,34323,12/23/2020,12/23/2025,asda@yopmail.com
HSGG101,Pic1.jpg,asda101,dawsd101,dsad101,Mumbai,12/23/1992,dfs2221,23514,34324,12/23/2020,12/23/2025,asda@yopmail.com
HSGG102,Pic2.jpg,asda102,dawsd102,dsad102,Mumbai,12/23/1992,dfs2222,23515,34325,12/23/2020,12/23/2025,asda@yopmail.com
HSGG103,Pic3.jpg,asda103,dawsd103,dsad103,Mumbai,12/23/1992,dfs2223,23516,34326,12/23/2020,12/23/2025,asda@yopmail.com
HSGG104,Pic4.jpg,asda104,dawsd104,dsad104,Mumbai,12/23/1992,dfs2224,23517,34327,12/23/2020,12/23/2025,asda@yopmail.com
HSGG105,Pic5.jpg,asda105,dawsd105,dsad105,Mumbai,12/23/1992,dfs2225,23518,34328,12/23/2020,12/23/2025,asda@yopmail.com
HSGG106,Pic6.jpg,asda106,dawsd106,dsad106,Mumbai,12/23/1992,dfs2226,23519,34329,12/23/2020,12/23/2025,asda@yopmail.com
HSGG107,Pic7.jpg,asda107,dawsd107,dsad107,Mumbai,12/23/1992,dfs2227,23520,34330,12/23/2020,12/23/2025,asda@yopmail.com
HSGG108,Pic8.jpg,asda108,dawsd108,dsad108,Mumbai,12/23/1992,dfs2228,23521,34331,12/23/2020,12/23/2025,asda@yopmail.com
HSGG109,Pic9.jpg,asda109,dawsd109,dsad109,Mumbai,12/23/1992,dfs2229,23522,34332,12/23/2020,12/23/2025,asda@yopmail.com
HSGG110,Pic10.jpg,asda110,dawsd110,dsad110,Mumbai,12/23/1992,dfs2230,23523,34333,12/23/2020,12/23/2025,asda@yopmail.com
HSGG111,Pic11.jpg,asda111,dawsd111,dsad111,Mumbai,12/23/1992,dfs2231,23524,34334,12/23/2020,12/23/2025,asda@yopmail.com
HSGG112,Pic12.jpg,asda112,dawsd112,dsad112,Mumbai,12/23/1992,dfs2232,23525,34335,12/23/2020,12/23/2025,asda@yopmail.com
HSGG113,Pic13.jpg,asda113,dawsd113,dsad113,Mumbai,12/23/1992,dfs2233,23526,34336,12/23/2020,12/23/2025,asda@yopmail.com
HSGG114,Pic14.jpg,asda114,dawsd114,dsad114,Mumbai,12/23/1992,dfs2234,23527,34337,12/23/2020,12/23/2025,asda@yopmail.com
HSGG115,Pic15.jpg,asda115,dawsd115,dsad115,Mumbai,12/23/1992,dfs2235,23528,34338,12/23/2020,12/23/2025,asda@yopmail.com
HSGG116,Pic16.jpg,asda116,dawsd116,dsad116,Mumbai,12/23/1992,dfs2236,23529,34339,12/23/2020,12/23/2025,asda@yopmail.com
HSGG117,Pic17.jpg,asda117,dawsd117,dsad117,Mumbai,12/23/1992,dfs2237,23530,34340,12/23/2020,12/23/2025,asda@yopmail.com
HSGG118,Pic18.jpg,asda118,dawsd118,dsad118,Mumbai,12/23/1992,dfs2238,23531,34341,12/23/2020,12/23/2025,asda@yopmail.com
HSGG119,Pic19.jpg,asda119,dawsd119,dsad119,Mumbai,12/23/1992,dfs2239,23532,34342,12/23/2020,12/23/2025,asda@yopmail.com
HSGG120,Pic20.jpg,asda120,dawsd120,dsad120,Mumbai,12/23/1992,dfs2240,23533,34343,12/23/2020,12/23/2025,asda@yopmail.com
HSGG121,Pic21.jpg,asda121,dawsd121,dsad121,Mumbai,12/23/1992,dfs2241,23534,34344,12/23/2020,12/23/2025,asda@yopmail.com
HSGG122,Pic22.jpg,asda122,dawsd122,dsad122,Mumbai,12/23/1992,dfs2242,23535,34345,12/23/2020,12/23/2025,asda@yopmail.com
HSGG123,Pic23.jpg,asda123,dawsd123,dsad123,Mumbai,12/23/1992,dfs2243,23536,34346,12/23/2020,12/23/2025,asda@yopmail.com
HSGG124,Pic24.jpg,asda124,dawsd124,dsad124,Mumbai,12/23/1992,dfs2244,23537,34347,12/23/2020,12/23/2025,asda@yopmail.com
HSGG125,Pic25.jpg,asda125,dawsd125,dsad125,Mumbai,12/23/1992,dfs2245,23538,34348,12/23/2020,12/23/2025,asda@yopmail.com
HSGG126,Pic26.jpg,asda126,dawsd126,dsad126,Mumbai,12/23/1993,dfs2246,23539,34349,12/23/2021,12/23/2025,asda@yopmail.com
HSGG127,Pic27.jpg,asda127,dawsd127,dsad127,Mumbai,12/23/1994,dfs2247,23540,34350,12/23/2022,12/23/2025,asda@yopmail.com
HSGG128,Pic28.jpg,asda128,dawsd128,dsad128,Mumbai,12/23/1995,dfs2248,23541,34351,12/23/2023,12/23/2025,asda@yopmail.com
